{
  "runs": [
    {
      "loadMs": 1109,
      "lcp": 584,
      "ttfb": 46.59999990463257,
      "domContentLoaded": 120.5,
      "loadEvent": 121.39999985694885,
      "fcp": 176,
      "transferBytes": 947
    },
    {
      "loadMs": 1159,
      "lcp": 624,
      "ttfb": 42.89999985694885,
      "domContentLoaded": 124.5,
      "loadEvent": 125.5,
      "fcp": 172,
      "transferBytes": 947
    },
    {
      "loadMs": 1114,
      "lcp": 596,
      "ttfb": 53,
      "domContentLoaded": 136.29999995231628,
      "loadEvent": 137.40000009536743,
      "fcp": 184,
      "transferBytes": 947
    }
  ],
  "median": {
    "loadMs": 1114,
    "lcp": 596,
    "ttfb": 53,
    "domContentLoaded": 136.29999995231628,
    "loadEvent": 137.40000009536743,
    "fcp": 184,
    "transferBytes": 947
  }
}