{
  "runs": [
    {
      "loadMs": 3342,
      "lcp": 2712,
      "ttfb": 46.90000009536743,
      "domContentLoaded": 1617.5,
      "loadEvent": 1617.6000001430511,
      "fcp": 1980,
      "transferBytes": 947
    },
    {
      "loadMs": 3308,
      "lcp": 2676,
      "ttfb": 56.200000047683716,
      "domContentLoaded": 1615.2999999523163,
      "loadEvent": 1615.7999999523163,
      "fcp": 1972,
      "transferBytes": 947
    },
    {
      "loadMs": 3335,
      "lcp": 2708,
      "ttfb": 42.90000009536743,
      "domContentLoaded": 1624.2000000476837,
      "loadEvent": 1624.2999999523163,
      "fcp": 1976,
      "transferBytes": 947
    }
  ],
  "median": {
    "loadMs": 3335,
    "lcp": 2708,
    "ttfb": 42.90000009536743,
    "domContentLoaded": 1624.2000000476837,
    "loadEvent": 1624.2999999523163,
    "fcp": 1976,
    "transferBytes": 947
  }
}