{
  "runs": [
    {
      "loadMs": 4148,
      "lcp": 3404,
      "ttfb": 48.5,
      "domContentLoaded": 1609.4000000953674,
      "loadEvent": 1609.4000000953674,
      "fcp": 2488,
      "transferBytes": 947
    },
    {
      "loadMs": 4094,
      "lcp": 3416,
      "ttfb": 46.59999990463257,
      "domContentLoaded": 1610.0999999046326,
      "loadEvent": 1610.1999998092651,
      "fcp": 2480,
      "transferBytes": 947
    },
    {
      "loadMs": 4157,
      "lcp": 3464,
      "ttfb": 51,
      "domContentLoaded": 1615.8999998569489,
      "loadEvent": 1616.0999999046326,
      "fcp": 2492,
      "transferBytes": 947
    }
  ],
  "median": {
    "loadMs": 4148,
    "lcp": 3404,
    "ttfb": 48.5,
    "domContentLoaded": 1609.4000000953674,
    "loadEvent": 1609.4000000953674,
    "fcp": 2488,
    "transferBytes": 947
  }
}