{
  "runs": [
    {
      "loadMs": 3458,
      "lcp": 3288,
      "ttfb": 57.299999952316284,
      "domContentLoaded": 1629.1999998092651,
      "loadEvent": 1629.2999999523163,
      "fcp": 2596,
      "transferBytes": 947
    },
    {
      "loadMs": 2936,
      "lcp": 2756,
      "ttfb": 50.60000014305115,
      "domContentLoaded": 1639.5,
      "loadEvent": 1640.2999999523163,
      "fcp": 2056,
      "transferBytes": 947
    },
    {
      "loadMs": 2913,
      "lcp": 2724,
      "ttfb": 44.60000014305115,
      "domContentLoaded": 1638.5,
      "loadEvent": 1639.2999999523163,
      "fcp": 2056,
      "transferBytes": 947
    }
  ],
  "median": {
    "loadMs": 2936,
    "lcp": 2756,
    "ttfb": 50.60000014305115,
    "domContentLoaded": 1639.5,
    "loadEvent": 1640.2999999523163,
    "fcp": 2056,
    "transferBytes": 947
  }
}